Date,TouristCount,WeatherIndex,HolidayFlag,StateGDP
2022-07-28,1859,96.72,0,640762
2024-05-28,3796,53.68,0,906213
2023-07-19,5522,63.48,0,553518
2022-08-25,2863,75.11,0,349702
2023-06-25,8215,64.23,0,137798
2022-12-02,2489,65.29,0,708291
2023-12-16,11146,50.81,0,549638
2024-09-30,5126,84.98,0,772899
2022-10-16,6722,92.19,1,257953
2024-05-20,3230,90.36,1,118238
2023-07-06,14930,57.61,1,652011
2023-08-24,11521,79.17,1,173914
2025-03-26,4369,79.51,1,492509
2023-04-04,5358,58.06,1,840999
2023-04-13,4169,61.23,0,873382
2023-09-22,10270,70.91,0,784790
2025-01-12,8916,69.81,0,561484
2022-04-25,11419,70.53,1,261960
2023-11-30,8818,80.47,1,400590
2022-12-15,3069,84.84,1,317693
2024-04-28,2832,58.5,1,126479
2023-07-21,14500,67.45,0,193319
2025-01-19,12061,52.81,1,762127
2024-04-26,4517,89.55,1,445680
2023-02-03,1735,53.88,1,402183
2024-07-12,2142,82.38,1,690583
2023-09-11,12685,52.24,1,970730
2025-01-06,14418,94.31,1,405433
2024-05-25,11095,81.94,1,887732
2024-07-13,3276,87.05,0,570631
2024-04-20,12780,73.66,0,549843
2023-09-24,4149,69.2,1,537118
2022-04-27,12768,84.43,0,385436
2022-12-17,1384,69.93,0,432969
2023-07-01,10429,69.62,1,848672
2022-07-25,11521,88.61,1,326342
2024-09-09,7803,94.05,1,664895
2023-09-12,14642,78.55,0,215529
2022-06-15,5023,56.27,1,630331
2022-09-02,9244,88.02,0,986646
2024-10-07,10156,67.7,1,496479
2023-01-19,8603,89.12,1,746877
2022-08-29,14373,81.74,1,299413
2024-04-30,4251,54.15,1,381815
2024-10-12,14519,99.14,0,273450
2022-11-16,4190,55.9,0,769264
2024-04-07,13626,82.45,0,748933
2024-08-05,8093,83.54,0,253055
2023-09-03,7025,90.78,0,164297
2022-07-30,3821,56.53,0,177578
2024-03-27,5455,89.68,1,430521
2025-01-27,11527,53.78,1,694393
2024-06-21,6986,64.35,1,514526
2024-04-28,14879,50.32,0,229335
2022-12-13,13667,75.04,1,117316
2024-01-19,5861,60.14,0,874990
2024-09-04,12463,89.66,0,450240
2024-12-25,10907,63.32,1,112043
2022-07-11,3271,94.74,1,496835
2025-03-01,1925,96.43,1,415155
2023-06-26,7157,50.6,1,836753
2025-01-23,13464,80.93,0,213035
2024-08-06,7727,80.28,0,387166
2022-11-01,11109,61.3,1,615361
2023-12-01,3306,99.16,1,460399
2022-12-18,6338,79.65,1,656600
2023-04-10,12142,85.09,1,296643
2023-06-16,14323,55.05,0,652427
2024-10-09,9596,66.58,1,724751
2022-10-13,12453,50.54,0,777432
2022-11-23,14786,71.5,0,560122
2024-03-19,9980,79.26,1,813788
2022-06-04,3690,77.31,1,742968
2023-06-05,12247,74.18,0,588796
2022-11-26,11111,88.76,1,434786
2023-12-11,3300,56.28,0,675548
2024-08-16,10273,71.43,0,687997
2023-04-21,8030,80.75,0,490655
2024-01-04,9681,69.61,0,223011
2023-11-28,11682,96.01,0,419336
2023-03-08,3763,67.86,0,464843
2022-08-13,1052,89.85,1,841451
2022-10-26,12209,88.99,1,836663
2024-07-28,12361,62.89,1,184928
2024-04-25,9806,97.7,1,147516
2023-08-25,14172,57.35,1,692980
2022-05-16,6098,52.74,0,290998
2024-12-13,9156,76.56,1,187468
2024-10-03,1503,63.3,0,187464
2023-11-28,1873,80.41,0,506721
2024-05-03,3488,50.7,0,821147
2023-07-19,2619,71.92,1,392519
2022-09-24,7037,65.36,0,814325
2024-01-15,8653,53.9,1,739699
2023-11-11,14430,73.59,1,741968
2022-09-30,2309,90.77,0,544812
2022-07-22,5016,94.85,1,429120
2024-02-25,7353,88.48,1,979303
2022-07-09,6804,58.64,0,396910
2023-09-08,3865,80.86,1,512714
2023-10-21,10736,88.32,1,338691
2023-04-12,6370,72.71,0,279986
2025-01-14,7118,82.27,0,157933
2024-01-30,9898,64.95,1,663471
2023-06-25,3337,52.29,1,760534
2023-03-14,5749,92.08,1,176300
2023-07-17,9388,75.21,1,710119
2022-08-18,12205,80.08,0,822411
2024-03-10,9716,84.02,1,901062
2023-10-13,14495,87.98,1,735365
2023-07-07,4612,77.74,0,364905
2022-11-29,9125,97.75,1,535635
2023-04-25,14354,58.87,0,492434
2022-10-04,3717,99.04,1,126935
2022-10-19,14714,72.1,0,516484
2025-03-22,2377,73.58,0,690003
2025-03-19,8754,92.75,0,547346
2025-03-06,11488,99.96,0,230838
2024-12-09,12433,63.88,0,116066
2023-11-09,5074,80.31,0,121342
2023-09-30,3881,53.96,1,645424
2023-06-07,13566,59.18,0,890984
2022-09-19,10150,61.6,0,804908
2023-10-28,10901,68.32,1,757374
2022-12-31,2619,95.73,0,511100
2023-06-06,13437,64.11,0,862894
2023-09-13,4681,55.85,0,832665
2022-06-26,14774,71.07,0,715675
2022-09-28,14157,74.08,1,766532
2024-06-22,6429,53.48,0,784668
2024-04-04,1500,94.19,0,616512
2023-06-02,2410,51.79,0,928336
2023-05-08,13462,80.62,1,336618
2024-02-01,1680,74.0,0,513839
2024-02-28,10000,53.28,0,728236
2024-05-06,5173,77.17,1,127862
2024-10-08,11389,55.44,0,116403
2023-12-03,10694,87.28,0,470695
2025-03-19,14808,94.78,1,811328
2023-03-19,4096,54.52,0,871654
2024-11-02,10518,75.77,1,218580
2023-12-22,1346,87.46,1,219443
2022-07-31,12394,57.05,0,610120
2022-12-30,8343,69.07,0,428413
2024-10-04,3186,87.46,1,447653
2022-05-14,14900,96.03,1,689533
2022-10-26,8597,80.15,0,460382
2024-05-17,14715,72.27,0,580478
2025-01-14,14661,50.46,0,358176
2023-12-18,1668,72.51,0,646624
2025-02-26,5616,94.2,1,382733
2023-03-02,4878,81.76,1,210448
2025-04-02,4141,95.53,1,901145
2022-07-20,3512,94.37,1,991304
2023-11-06,5089,74.12,0,964969
2023-05-21,2880,94.94,0,587974
2022-12-16,6168,68.33,0,865399
2023-06-20,10694,90.57,0,104474
2023-02-14,6544,98.46,0,643815
2022-11-05,7529,83.92,1,758620
2023-11-04,5527,81.02,0,541154
2023-06-22,8958,74.01,1,207689
2025-02-20,11722,58.2,1,809282
2024-11-28,1983,56.28,0,162854
2025-04-04,13449,90.5,1,267043
2024-02-03,12346,61.84,1,646942
2024-02-15,2263,51.78,0,272766
2022-05-15,10316,50.67,0,705943
2023-01-16,8476,57.05,1,103421
2025-01-13,8360,68.04,0,599320
2024-03-24,11689,80.65,0,184820
2022-11-19,1693,50.02,1,203267
2023-01-28,11168,59.59,1,818005
2022-06-06,6218,50.09,0,420120
2024-12-16,13096,85.01,1,774264
2022-10-04,8505,64.58,0,501855
2024-03-02,5412,69.92,0,333979
2024-06-25,2644,64.75,1,852722
2024-07-08,3444,85.06,1,435700
2022-11-09,11606,82.84,1,235436
2023-11-09,11874,55.61,1,430183
2022-07-28,9052,68.8,1,585764
2023-02-22,13795,96.17,0,498594
2022-12-21,10127,59.65,1,501233
2024-03-29,1425,88.96,1,862497
2023-01-16,12920,69.49,1,850712
2024-03-28,4655,67.6,1,317209
2024-08-08,1895,68.81,0,757635
2022-04-19,10128,76.55,1,301307
2022-10-19,6720,79.11,0,397178
2023-12-02,4502,64.18,1,802786
2023-01-11,7672,50.4,1,690678
2023-05-25,8008,81.91,0,884424
2024-08-05,1389,61.88,0,444914
2024-05-09,3497,50.93,0,731859
2024-03-13,5197,57.32,1,367262
2023-01-23,14168,57.73,0,733439
2024-08-02,13620,75.34,0,742549
2022-12-25,8146,95.69,0,136177
2024-06-10,14335,74.4,0,342445
2024-03-23,7977,53.32,1,495622
2025-01-04,6551,77.16,0,238830
2024-09-03,3235,94.83,0,330440
2025-04-02,7190,60.97,0,346257
2022-04-21,6748,88.29,0,570613
2023-11-06,7292,57.7,1,997806
2025-03-25,12852,57.5,1,168770
2024-10-05,6825,99.63,0,866973
2023-07-09,7073,78.3,0,266345
2022-07-09,9094,95.24,0,489308
2023-09-04,3403,71.34,0,242826
2024-12-15,2256,93.64,1,842677
2024-10-16,13840,54.1,0,820716
2024-02-24,13600,62.75,1,266363
2023-06-08,4116,79.35,1,532837
2022-06-07,9777,85.81,1,343835
2023-11-23,4483,69.41,1,292676
2024-09-15,12441,99.31,0,826620
2023-03-24,3271,54.84,0,653883
2022-12-29,7137,77.09,0,236064
2022-05-11,1711,85.23,1,937457
2023-07-03,13616,92.49,0,858825
2024-06-30,8380,60.5,1,308612
2023-02-23,4343,68.54,1,155651
2023-03-14,5615,76.75,1,871723
2024-07-01,3375,88.85,0,563149
2023-03-14,12619,67.46,0,726112
2023-06-20,5082,79.25,0,624743
2023-03-16,3904,55.45,1,838152
2023-12-06,12557,96.66,1,222188
2023-07-31,14610,69.36,0,832411
2024-12-16,10587,54.09,0,294557
2023-09-19,6547,50.54,1,503491
2023-04-01,10628,51.87,1,464022
2025-01-07,10916,54.58,0,812446
2023-12-05,14499,53.62,0,151832
2023-06-25,14611,63.71,1,103163
2024-01-27,13606,70.41,1,882615
2023-01-16,10165,71.17,0,109483
2022-12-02,11796,65.3,0,937483
2023-04-05,8270,64.91,1,861088
2022-06-18,13130,76.33,1,361694
2022-10-16,14324,63.41,1,549790
2023-05-28,8991,88.15,1,290714
2023-07-17,12496,82.62,0,199750
2022-10-01,9314,74.7,1,359496
2023-10-22,14490,86.98,0,385218
2024-03-23,5978,79.06,1,568013
2024-11-28,10588,73.76,0,385224
2023-06-18,14049,90.07,0,548142
2024-05-04,9400,57.09,0,370970
2023-02-22,4910,92.37,1,367750
2023-10-23,11076,74.35,1,797574
2025-03-13,12180,95.85,0,338891
2022-07-18,12590,69.44,0,693067
2024-08-15,5885,94.73,0,204293
2022-12-11,10140,61.62,1,502399
2024-05-26,7107,59.22,1,696305
2022-04-15,11751,95.12,1,707324
2022-11-21,13679,64.81,0,413283
2023-04-13,1333,70.95,0,628310
2025-04-06,13706,65.66,1,547766
2023-11-17,9223,95.34,1,424829
2024-07-25,6179,90.63,0,785425
2024-09-26,14274,82.92,0,971551
2024-12-19,13599,61.73,1,699157
2023-07-23,11093,59.49,0,671471
2024-12-24,9825,96.24,0,452505
2024-09-07,1125,74.7,1,449747
2022-05-31,4398,91.37,0,735189
2024-02-28,13189,57.72,0,318670
2023-07-07,4627,79.75,1,415615
2023-10-11,2667,70.95,1,554146
2022-06-15,9874,95.76,1,992118
2022-05-29,1498,85.78,0,981614
2024-12-15,4754,95.66,0,808016
2022-07-29,11093,84.08,0,757970
2024-03-28,14845,87.4,0,776702
2024-08-29,1436,78.54,0,736368
2023-11-18,4022,55.06,1,258244
2024-01-25,14523,53.62,0,137658
2023-01-25,5644,55.15,1,268880
2024-12-22,12775,98.6,0,566458
2022-09-08,11403,71.18,1,974369
2024-02-02,6406,75.79,0,435076
2025-02-12,6663,63.37,0,821100
2024-04-10,4798,59.47,1,941676
2023-12-17,10565,80.62,1,234417
2022-09-07,10661,58.93,0,254936
2024-01-29,5454,58.69,0,779437
2024-07-18,13284,65.45,0,924792
2022-12-25,11969,66.73,1,209978
2022-08-04,1608,64.87,0,227696
2023-07-23,14646,66.24,1,700455
2023-08-10,11756,66.13,0,945914
2024-10-22,12098,53.8,0,523437
2023-10-03,10475,50.89,0,498271
2024-09-21,9292,87.46,1,950545
2023-12-07,7699,71.98,1,780841
2022-09-02,7625,64.47,0,442737
2022-06-26,12360,67.6,0,675967
2024-06-06,7957,77.21,0,801755
2024-08-09,10499,96.08,1,347538
2023-09-10,14982,50.12,1,848435
2025-01-18,11815,68.82,0,750438
2023-10-03,10455,72.26,0,956594
2024-11-05,7906,70.23,0,826221
2023-04-14,13660,78.52,1,545814
2024-12-19,13977,75.54,1,475713
2025-02-10,1064,69.0,0,749747
2025-01-08,14520,88.49,0,892019
2022-04-22,13625,56.12,1,498125
2023-07-03,10058,53.12,1,131900
2024-10-17,13545,74.01,0,224164
2022-05-15,14714,63.52,0,170490
2023-09-20,8165,53.71,1,934935
2025-03-15,6409,69.47,0,518403
2024-05-16,12357,98.49,1,376228
2023-07-18,6798,56.2,0,569513
2023-07-29,13739,82.51,1,853747
2024-03-15,3397,70.5,0,449485
2024-02-25,5498,66.04,1,353794
2024-12-26,1530,70.45,1,352908
2023-02-02,7244,98.2,0,602388
2024-12-18,7388,82.83,0,627667
2022-12-08,1308,74.77,1,399212
2022-12-28,3119,81.49,0,713095
2023-05-08,4214,79.38,0,139372
2022-05-14,9765,76.92,1,298391
2023-04-29,8027,89.54,0,102912
2022-09-02,9927,61.64,1,348573
2023-09-29,9348,58.52,0,628440
2022-11-03,1421,72.35,1,449477
2024-12-29,14895,87.69,1,216894
2022-10-29,10566,83.33,0,909756
2025-03-24,1031,54.93,1,781847
2023-12-11,13854,57.36,0,864769
2022-09-03,5296,92.17,0,737807
2024-12-07,11032,67.41,0,815198
2023-04-11,5404,54.72,0,296049
2024-10-08,13122,57.45,0,506738
2022-09-01,9311,52.23,1,786610
2025-02-08,11973,94.18,1,880463
2022-05-07,7388,52.31,1,400889
2024-04-10,4100,85.28,0,694558
2025-01-03,2994,62.68,0,717744
2023-04-02,6264,63.19,0,800333
2024-06-08,4629,70.1,0,931430
2022-05-10,3638,56.66,1,797094
2024-08-08,11047,95.66,0,986050
2024-08-13,12830,84.81,0,919887
2024-06-13,4257,61.48,1,151862
2024-12-12,3869,92.41,1,947251
2024-05-20,6489,70.03,0,806394
2024-09-29,4401,75.6,1,981713
2024-07-20,11451,70.96,1,356853
2023-06-26,12243,72.2,1,552474
2024-11-04,4060,62.88,1,769541
2024-02-10,3594,52.98,1,277310
2022-04-17,10256,85.86,1,752630
2023-01-10,7231,88.86,0,953204
2025-01-08,2670,90.45,1,333926
2023-09-03,4367,57.36,0,720972
2023-11-15,12948,85.4,1,593406
2024-03-24,7765,69.27,1,268469
2024-11-30,13260,94.43,0,312910
2025-03-21,9297,64.33,0,318190
2023-02-14,13114,55.09,0,576036
2024-11-05,9541,93.8,0,810376
2023-02-06,5826,67.1,0,837261
2023-12-08,14666,87.83,1,497538
2023-11-25,6976,58.26,1,983650
2022-05-11,7491,90.59,0,278988
2024-08-22,4759,65.36,1,798584
2024-02-18,1803,97.25,0,519184
2022-08-19,5443,60.67,0,599641
2022-11-27,14854,67.63,0,624122
2025-03-14,1349,89.27,1,500377
2022-05-17,1207,76.39,1,431979
2023-06-12,4559,98.16,0,678612
2024-11-05,4196,77.96,0,344740
2022-09-18,8481,52.5,0,651217
2023-06-17,12154,64.96,0,773609
2024-01-26,1861,51.29,0,918752
2022-07-14,9405,67.09,1,167255
2023-05-19,1187,89.81,1,922802
2023-01-18,14790,51.04,0,341685
2023-08-11,2857,92.73,1,742793
2024-11-01,11626,83.52,0,643858
2024-02-23,4190,92.88,0,235197
2023-06-08,13987,72.67,0,796074
2022-10-28,13368,78.96,0,827361
2024-02-18,5712,63.33,0,891083
2022-10-17,5924,50.56,0,535184
2022-04-15,3990,53.96,1,332639
2022-12-08,1577,96.08,0,103369
2024-09-03,5147,61.38,0,425457
2024-01-20,3748,78.89,0,510666
2024-03-10,11824,95.8,0,318103
2023-03-15,6990,90.5,1,692318
2023-04-15,7995,57.87,0,650206
2022-09-11,4434,97.52,1,230289
2025-02-20,9685,98.52,1,888320
2023-07-09,11603,81.68,0,166730
2024-04-02,3826,92.36,0,132044
2023-06-22,13017,57.37,0,680779
2022-04-25,8091,53.96,1,406413
2023-10-23,9556,54.87,0,895098
2025-02-04,3545,86.53,0,880768
2022-12-19,5779,52.06,1,322929
2024-04-06,2262,81.31,0,687727
2023-01-19,14865,73.27,0,736384
2022-10-24,3874,58.47,1,983851
2023-09-16,14572,52.36,0,411272
2023-06-08,3335,94.63,0,702251
2024-04-10,1439,84.67,1,711701
2024-03-20,7478,80.04,0,285597
2022-09-22,2481,70.28,1,487729
2024-12-30,5938,62.52,0,760614
2023-05-30,7190,52.5,0,793550
2022-11-14,3390,91.4,0,370302
2024-12-07,7054,79.71,0,386880
2022-05-07,11139,76.43,1,871809
2024-12-18,2232,87.07,0,297835
2024-07-30,6279,71.99,1,205157
2022-09-29,5111,64.45,1,546214
2022-06-29,12741,77.05,1,982732
2023-07-26,10033,63.56,0,363596
2023-04-08,1265,83.11,0,981678
2024-07-22,8749,91.08,0,316831
2024-07-14,9219,77.17,0,803627
2024-08-11,6216,69.12,1,456909
2025-01-06,4760,90.05,0,845519
2024-11-22,9662,94.44,1,798927
2022-07-13,2050,97.91,1,474001
2023-12-27,11176,56.79,0,598390
2024-05-19,8628,83.33,1,763081
2023-04-17,2137,81.05,0,906060
2023-12-19,5957,89.42,0,487448
2024-12-16,8435,81.46,0,537548
2023-09-20,7063,94.88,0,362711
2023-11-15,3359,85.91,0,952547
2022-05-23,7315,84.9,1,795109
2023-04-13,5570,88.43,0,208938
2023-03-06,5933,91.97,0,581965
2024-08-27,11899,55.68,1,461284
2022-11-12,13153,96.12,1,759073
2023-06-18,6596,76.04,1,103737
2024-11-14,9756,85.11,0,509315
2025-01-18,13269,54.93,1,130558
2023-08-11,1796,65.14,1,573010
2025-01-16,3719,85.69,1,418183
2023-03-19,8061,62.31,1,310771
2023-02-05,13349,93.86,0,918600
2024-04-25,13659,86.21,0,816455
2022-12-14,4618,98.3,1,872604
2023-02-25,14278,78.92,0,113636
2023-08-28,9821,64.34,0,350192
2023-08-08,10197,68.24,1,270796
2023-03-10,13618,86.54,1,723511
2023-05-29,3597,95.7,1,463853
2024-11-15,12351,81.7,0,445533
2022-05-12,6954,80.7,1,772610
2023-12-22,2630,88.94,1,847302
2022-12-24,3613,71.75,1,465204
2024-12-17,13529,57.96,1,140216
2025-01-07,1799,57.97,0,728660
2024-06-29,7520,86.05,1,334095
2022-11-03,3635,68.84,1,757920
2023-11-08,4597,73.53,1,942796
2023-11-16,1535,90.85,0,789209
2024-11-12,7974,59.04,0,677635
2022-07-23,13698,76.18,1,467997
2024-09-10,5553,80.84,0,120790
2022-04-20,10473,99.3,1,380368
2022-05-25,3511,91.19,1,839932
2024-02-23,4427,92.9,1,828860
2022-07-24,1934,90.98,1,370224
2023-04-29,2154,96.96,1,486996
2023-12-10,9729,74.84,1,364837
2023-04-20,12536,84.23,0,457786
2023-08-10,4578,53.87,0,140287
2023-11-12,10702,91.3,1,199122
2023-04-25,4178,75.0,1,665348
2022-04-28,2016,65.52,1,443888
2025-01-06,11019,97.51,1,500627
2022-05-09,9952,62.72,1,296134
2022-06-28,7821,92.95,0,287844
2022-11-20,7173,61.27,1,986671
2024-04-02,5179,78.02,1,237676
2024-03-05,3253,97.27,1,740448
2024-10-18,10734,87.39,1,285712
2023-11-30,10012,67.88,0,117611
2023-12-21,1661,72.47,0,630261
2022-06-03,1416,84.63,1,263451
2022-05-11,12312,51.74,0,129359
2024-01-20,5634,92.61,1,488890
2024-12-27,1120,94.97,0,720558
2022-04-20,11558,68.11,1,142151
2022-10-24,9704,54.62,1,519109
2022-05-18,7428,52.12,0,579294
2023-09-11,10902,75.71,0,283123
2023-03-21,8688,59.96,1,882555
2023-09-07,12549,67.86,0,874533
2024-04-17,3295,84.22,1,104793
2024-08-07,4648,57.47,0,754965
2022-07-12,3925,99.51,1,931328
2024-08-15,9408,50.17,1,162828
2023-06-05,6456,74.24,0,460750
2023-06-11,9491,50.8,0,351414
2024-10-28,3982,70.53,0,341247
2023-07-07,14672,56.84,0,754768
2023-11-01,12364,91.98,1,567068
2023-09-30,1302,56.66,0,595050
2024-03-27,11865,50.02,1,131671
2022-06-20,10370,63.17,1,975984
2024-11-10,1944,96.87,0,121387
2024-04-24,3935,72.38,1,943755
2024-01-02,4144,65.03,0,518157
2022-12-13,4561,70.23,0,339516
2024-08-27,1172,75.94,0,181951
2022-05-16,1199,82.3,0,169350
2023-11-14,10747,91.56,0,930750
2024-01-08,4773,59.5,1,676066
2023-06-19,10302,87.18,0,169288
2025-03-30,8950,58.33,0,794609
2022-10-30,14843,95.35,0,297573
2023-07-24,14918,84.58,1,443482
2024-10-21,2265,57.58,1,698050
2022-05-26,12280,73.59,1,668646
2023-03-25,2296,91.72,0,470837
2023-10-19,12055,64.19,0,170472
2025-02-22,2870,68.2,0,599487
2022-05-07,7190,81.74,0,194668
2022-09-14,11734,84.67,1,849443
2023-04-01,8490,58.31,0,778707
2023-01-20,11169,54.8,0,891911
2023-08-11,5997,71.45,1,570996
2024-05-19,2417,72.15,1,985307
2023-06-14,11157,51.99,1,254653
2023-07-02,13855,88.71,0,645562
2024-05-20,4442,81.94,1,155295
2023-02-04,2320,98.81,1,367319
2022-12-14,13730,72.66,1,727579
2024-02-22,6028,95.37,1,324470
2022-08-26,13227,94.55,0,395191
2024-05-30,10581,51.82,1,821510
2023-02-24,1164,52.77,0,545631
2025-02-15,6631,86.63,1,838428
2023-08-29,2562,50.97,0,325055
2022-05-05,2300,93.14,0,927699
2023-08-13,1108,82.58,0,839816
2023-03-26,11203,53.68,1,136619
2024-01-20,5439,78.87,1,222393
2024-01-10,9639,90.25,0,894035
2023-01-02,12952,96.43,1,464447
2025-04-02,12703,89.74,0,707542
2024-12-07,11499,87.49,0,986622
2022-10-31,3978,66.45,0,642063
2024-01-17,9724,50.48,1,673034
2024-11-25,10630,59.91,0,408203
2023-07-03,8589,93.6,0,865598
2023-12-04,6884,85.31,1,763732
2023-01-29,2506,65.2,1,477389
2024-05-11,12554,98.13,1,319567
2022-09-05,10162,80.29,0,215514
2022-11-14,7979,72.99,0,676886
2024-03-08,1972,55.49,1,596669
2022-06-01,12051,68.21,1,111694
2022-10-27,4624,91.74,0,984160
2023-08-08,10636,80.47,0,112084
2023-09-22,7628,80.43,0,102203
2023-02-02,14805,74.38,0,892853
2022-05-18,2747,55.4,1,466233
2023-07-03,4138,54.04,1,196971
2025-04-09,7971,65.71,0,703910
2023-09-21,7398,82.85,0,588501
2024-12-29,13223,89.24,0,933124
2022-08-14,10384,74.58,1,916125
2024-02-16,12080,91.64,1,118517
2024-07-24,3511,90.07,0,902148
2024-11-30,4553,54.2,1,425576
2025-01-30,1570,50.24,0,823682
2024-01-08,5681,85.56,0,515104
2024-02-29,11380,54.95,1,656451
2025-03-10,8415,66.15,1,618662
2025-02-20,11596,67.77,0,535431
2024-10-25,10466,56.05,0,236118
2024-05-11,10805,59.76,1,823794
2023-06-05,3872,62.86,0,414722
2024-01-08,7287,70.52,1,332606
2024-08-10,6920,98.64,1,452469
2022-04-23,9653,87.06,0,890835
2023-04-29,8324,66.42,1,710072
2025-03-23,6893,83.68,0,260477
2024-07-30,5194,56.37,1,314440
2023-10-02,1904,97.49,0,493043
2023-11-21,1934,79.39,0,684350
2022-11-23,10797,86.88,0,889431
2023-07-31,2749,66.26,1,888768
2022-12-29,6836,55.31,0,903564
2022-11-28,7416,88.95,1,881698
2023-01-26,2522,88.92,0,491080
2024-08-31,4371,84.99,0,298518
2025-03-04,9089,69.6,1,185740
2022-09-24,14941,80.72,1,879334
2023-06-13,14402,65.16,0,325551
2025-03-12,4707,50.4,1,846602
2023-07-03,6550,51.38,0,636026
2022-08-13,14390,81.98,0,617253
2022-09-26,3366,94.48,1,348178
2024-08-02,6640,56.97,1,273004
2025-02-19,6204,97.37,1,628923
2022-07-29,5440,98.49,1,153808
2022-08-17,13323,74.85,1,274208
2023-05-30,12716,70.84,0,137774
2024-10-26,13084,79.06,0,970372
2024-09-13,11775,91.27,0,427775
2024-02-23,6346,57.66,1,812629
2025-02-17,10627,87.13,0,142178
2022-07-05,1792,90.1,0,300230
2022-05-13,1090,79.96,1,488104
2024-12-30,3182,81.94,1,422732
2023-05-17,4859,69.34,1,565240
2024-04-09,5663,52.3,1,768728
2023-06-06,10939,60.71,1,457154
2024-04-01,2478,54.83,0,576265
2022-08-12,13132,72.31,1,527546
2023-01-27,12185,58.47,1,481361
2024-08-12,13896,68.16,0,732297
2024-03-09,4686,86.69,1,747577
2023-12-08,4306,67.31,1,421392
2023-11-05,14983,96.39,1,238471
2022-10-23,11077,77.08,0,344102
2024-08-22,14436,72.28,0,433649
2023-10-22,9146,56.54,0,448091
2022-05-08,14686,96.5,1,772843
2024-11-02,9694,99.89,0,685929
2024-09-12,14127,79.08,1,586460
2023-02-15,5774,66.56,1,311609
2023-02-11,3465,63.86,0,188755
2022-07-24,9458,99.6,1,725399
2024-03-08,13370,95.77,1,937093
2024-07-30,14310,74.74,1,204058
2023-04-09,6369,78.83,1,142741
2024-09-10,8462,64.63,1,128945
2025-03-24,13153,97.33,0,250892
2024-04-26,2686,52.86,0,737102
2025-02-23,6394,51.72,1,336744
2025-01-20,7727,51.64,0,356191
2023-02-06,12483,50.15,0,443688
2025-02-27,10175,50.37,1,911382
2025-02-20,11396,93.52,0,193691
2023-04-24,12035,80.22,0,350911
2023-03-26,7136,70.8,1,319450
2022-06-07,3173,83.45,1,704224
2024-07-19,4174,67.17,0,591365
2023-04-19,4428,61.5,1,666553
2023-11-06,5978,53.05,0,176746
2023-06-07,13162,88.34,0,981819
2023-07-07,10436,51.35,1,987123
2022-07-29,8781,84.2,0,248449
2023-08-05,9210,51.47,0,745264
2022-12-08,7772,83.68,1,372649
2024-12-10,2000,73.3,0,909475
2023-03-07,5035,54.46,0,220146
2022-06-03,10983,75.75,0,952605
2023-11-09,10323,81.01,1,757905
2024-12-29,3406,57.84,1,384985
2025-01-29,5387,55.74,1,873273
2023-06-14,10242,79.7,1,483063
2022-11-18,2504,64.45,0,889792
2023-05-01,12108,71.95,0,315935
2025-01-16,11937,76.27,0,584570
2023-10-13,13406,55.64,1,265987
2024-06-12,10437,80.98,0,734196
2023-03-03,4728,84.95,1,498217
2022-09-15,8097,56.88,1,997455
2023-01-29,14488,93.67,1,852999
2024-12-26,2177,78.24,0,725389
2024-07-01,7867,71.14,0,692875
2022-07-29,13548,77.01,0,834423
2023-10-25,1004,65.81,0,636014
2023-06-12,9124,95.71,1,558240
2022-05-30,4591,59.78,1,652733
2024-08-04,3941,84.51,0,361551
2022-07-23,4699,76.19,1,131853
2024-09-24,12606,65.81,0,922583
2024-03-09,14458,61.91,0,686397
2022-10-06,5082,89.23,0,820258
2024-11-28,12021,66.73,0,289293
2022-06-22,13446,68.24,1,431568
2024-05-04,6771,97.29,0,176204
2024-11-27,1813,74.96,0,237948
2024-05-21,1793,79.99,0,685618
2024-10-26,4168,55.77,0,171772
2024-08-25,12863,86.31,1,435365
2023-10-13,9159,62.2,0,563816
2022-07-09,10961,68.6,0,256766
2022-10-02,6666,83.04,0,879613
2024-07-30,11547,56.14,0,829661
2024-02-15,11191,61.42,1,812085
2023-03-03,2682,78.48,0,275431
2023-12-13,5583,89.09,1,896610
2023-01-22,2081,80.38,1,594680
2022-12-15,1681,89.02,1,571227
2022-09-22,5679,72.55,1,750420
2023-05-14,12184,71.16,0,816985
2025-02-26,5523,95.37,0,468170
2025-02-27,4579,67.19,1,480167
2024-01-11,5965,73.8,1,888303
2023-01-19,13624,74.06,1,834914
2024-07-11,1727,78.16,0,687552
2024-03-03,7898,57.72,0,270797
2023-06-12,4186,99.9,1,828242
2023-09-02,6227,71.71,0,147102
2024-05-23,3748,89.98,1,664906
2022-04-11,3000,84.14,0,358164
2023-06-19,9770,70.87,0,279415
2024-02-04,1100,66.94,0,637277
2024-03-08,2235,89.22,0,617050
2024-04-14,2799,72.55,1,953240
2025-03-27,4223,94.7,0,264580
2024-03-22,8433,87.5,0,655596
2025-04-03,1689,59.18,0,465688
2023-07-05,4279,78.11,1,295165
2024-10-22,11386,71.4,1,750661
2022-11-23,1486,90.23,1,503101
2022-05-12,5843,52.9,1,772298
2024-10-01,4105,71.48,1,829679
2022-07-29,11237,59.69,1,770190
2024-12-09,7024,68.92,1,986907
2023-07-13,3671,74.82,0,324665
2023-05-16,14065,86.2,0,881588
2023-11-07,14079,92.65,0,551354
2023-11-25,1286,59.36,0,949078
2025-03-22,6534,84.15,0,996915
2022-10-25,8632,51.96,0,690738
2025-02-25,14540,75.76,1,885152
2022-10-19,1804,84.31,0,125880
2024-08-02,10631,58.58,1,625286
2024-11-23,6589,83.11,1,527506
2023-06-15,13156,71.22,0,301875
2023-08-21,14040,59.24,0,869292
2023-04-15,2520,93.14,0,149556
2024-11-26,11217,94.94,1,572373
2024-07-21,11094,81.18,1,398866
2024-06-10,4706,52.26,1,387832
2022-09-28,7322,96.88,0,649865
2023-05-04,1804,76.22,1,941033
2023-11-08,14518,79.79,1,478310
2023-09-25,2741,93.0,1,387878
2022-11-02,5337,87.02,0,855329
2023-07-31,14991,74.87,1,904936
2023-03-23,2203,95.45,0,935050
2022-10-06,13530,56.52,1,197068
2024-04-25,5194,62.63,0,227704
2024-01-22,13626,89.75,1,277812
2022-11-04,10137,50.56,0,349237
2022-12-29,6056,93.57,0,544226
2023-10-10,6913,83.8,1,664821
2025-01-06,11541,58.38,0,929322
2024-04-02,12390,70.25,1,121073
2023-04-27,7494,89.2,0,840133
2022-12-19,11635,95.68,1,970238
2024-08-29,8277,59.35,1,141100
2022-12-12,14258,89.49,0,245331
2023-06-25,14830,60.84,0,202731
2022-05-06,9782,82.92,1,830304
2024-06-04,13773,82.57,1,760342
2024-11-28,3844,89.34,0,579154
2023-03-14,8207,98.36,0,216467
2024-08-08,10017,66.19,0,863609
2023-03-26,3656,55.88,0,378235
2024-08-26,8091,50.27,1,545658
2024-03-10,7299,77.72,0,912021
2022-11-01,10072,54.77,1,186321
2022-05-02,2343,91.44,0,671161
2022-10-15,14069,77.24,1,909294
2024-10-24,3005,58.04,0,125942
2025-03-15,6679,95.23,0,343259
2022-10-20,13175,93.46,0,996999
2023-04-21,4065,96.69,0,215089
2023-06-01,8495,69.79,0,413759
2024-07-18,10709,62.65,0,574755
2024-08-01,12339,77.1,1,867126
2024-06-11,3064,55.15,1,112459
2024-01-25,8346,90.2,1,276542
2023-01-13,11287,57.12,0,497598
2024-06-06,5501,58.48,0,548407
2023-04-18,13188,76.36,0,361577
2024-02-12,8432,94.04,0,623223
2025-01-09,14422,82.33,1,742473
2025-01-03,13236,63.92,1,448348
2024-05-03,5935,89.3,0,989439
2022-05-05,11081,86.15,0,203135
2024-08-08,9025,68.96,1,352403
2023-04-16,1165,60.99,1,659579
2023-07-21,4744,97.21,1,858853
2022-05-24,12829,72.63,1,698607
2024-06-05,14192,68.97,0,171831
2024-03-07,8798,84.21,0,889602
2024-10-06,5652,86.23,0,820731
2025-03-05,11494,98.55,0,765281
2023-12-31,6748,63.17,0,934155
2023-02-07,13238,98.36,1,506950
2022-09-21,2743,62.24,1,364545
2022-12-06,3012,96.0,0,736126
2022-06-30,5975,72.67,1,948836
2022-09-04,6160,80.02,1,241142
2024-07-12,8525,81.38,0,671430
2023-12-09,10822,76.58,0,715704
2023-04-11,11384,63.61,0,789384
2023-06-05,14275,90.01,0,734752
2024-10-13,11850,94.61,1,325348
2023-12-17,3698,57.77,0,812055
2025-02-11,6050,78.35,1,952879
2024-01-22,13549,79.55,0,667922
2024-04-10,12410,97.49,0,919624
2022-06-29,1176,71.29,0,858589
2024-08-24,14113,84.43,1,477561
2023-01-22,2214,65.01,0,456563
2023-05-30,8358,96.95,0,115735
2025-02-08,2644,58.35,0,851727
2024-02-01,4186,98.21,0,605797
2023-11-11,1026,83.58,1,568515
2024-11-08,8779,66.64,0,849831
2023-12-07,4571,61.46,1,521049
2023-08-10,1069,78.01,1,867480
2024-11-01,7640,69.45,1,225062
2025-01-10,11836,89.09,1,754908
2022-06-07,6025,77.99,0,846770
2023-06-27,10348,54.5,1,864422
2022-10-15,14977,75.81,1,305357
2022-10-24,13385,64.71,1,106489
2025-02-23,5367,51.22,1,668154
2023-09-26,14504,72.55,0,715416
2022-07-15,3293,64.51,1,924312
2023-08-16,3975,98.8,1,636296
2024-07-24,8729,58.58,0,851733
2024-06-21,10080,69.2,1,423946
2025-02-11,12349,67.65,1,365172
2022-08-08,1771,59.99,0,275935
2023-02-24,4226,92.11,1,181484
2025-02-11,12066,54.23,0,956405
2024-03-28,14655,83.22,0,214833
2025-03-16,14508,60.81,1,242665
2023-12-21,8909,61.52,1,526944
2024-09-14,3742,77.57,1,902618
2023-05-06,13522,52.68,0,413351
2024-12-05,6104,85.91,0,172456
2023-06-24,8980,70.44,1,196214
2023-11-23,10757,65.05,0,427803
2022-05-15,1518,50.66,1,879465
2023-05-03,1714,63.25,0,614506
2024-06-26,11965,61.84,1,641359
2023-06-01,1228,55.16,1,694180
2023-02-16,10474,57.88,1,252177
2024-01-23,11951,99.12,0,853790
2023-12-05,12861,90.29,1,142244
2024-09-04,7150,99.73,0,313784
2023-12-05,5569,76.47,1,654582
2022-07-03,9880,97.17,0,668136
2022-10-09,14481,90.25,1,825120
2024-01-25,11709,73.73,1,327828
2023-08-20,4997,64.5,1,485656
2023-02-02,3832,64.84,0,902363
2022-04-26,3261,88.22,0,279056
2024-03-07,2851,77.25,0,573755
2024-04-15,9872,71.13,0,687849
2023-11-27,13386,89.14,1,190229
2022-11-23,5765,90.14,1,154325
2024-07-12,4537,78.71,0,222841
2022-06-29,14977,68.23,0,450227
2024-04-27,7764,51.91,0,587232
2023-01-27,8774,70.74,1,482750
2022-11-16,10690,50.35,0,723578
2024-01-23,7270,51.55,0,833371
2023-06-24,13853,81.63,0,108762
2025-02-13,11680,86.73,1,847567
2024-05-08,10903,88.57,1,592362
2024-06-23,8503,65.72,1,848174
2022-09-21,5968,87.62,1,172461
2023-12-06,10855,51.34,0,591998
2022-07-30,7280,82.28,0,543881
2024-03-26,8065,86.58,1,194361
2023-01-01,1473,90.63,1,259496
2022-08-28,11504,76.43,1,845075
2024-08-06,12648,66.79,1,895062
2022-08-10,6820,54.14,1,806133
2024-08-18,13285,98.89,0,846560
2024-09-22,5389,64.87,1,567950
2023-12-11,13147,50.53,1,133889
2024-01-18,9148,61.79,1,297145
2024-01-11,2928,99.91,1,181686
2023-02-08,4036,59.99,1,112908
2024-07-21,9086,82.18,0,848000
2022-07-05,3426,52.86,1,238953
2023-03-10,8938,89.03,1,603046
2024-02-10,5836,52.67,0,457883
2024-08-02,4783,60.68,0,509683
2022-09-20,3434,50.36,0,749169
2023-12-04,9313,74.58,1,729167
2023-10-24,2479,74.58,0,372786
2022-09-18,13379,52.84,0,268514
2023-02-15,6060,79.07,1,672356
2022-06-04,7911,68.03,1,346326
2022-04-20,8959,98.13,0,549285
2024-07-13,3269,57.93,0,475544
2025-02-26,11205,69.08,1,857058
2024-10-29,14880,75.07,0,943466
2024-08-07,3718,82.45,1,660638
2023-03-18,4780,91.5,0,138190
2024-04-10,6645,84.67,0,747753
2022-11-24,1048,78.39,0,561288
2022-06-12,12065,66.19,1,135382
2024-11-21,9588,64.96,0,195014
2024-05-04,10746,95.67,0,229213
2022-10-11,5774,87.21,0,396518
2025-01-07,5818,87.61,0,931768
2022-06-27,12988,80.17,0,371977
2022-12-28,5516,50.13,0,554344
2022-07-22,10376,85.97,1,582067
2023-03-04,2366,93.79,1,110661
2025-01-25,3673,51.99,0,940555
2024-02-02,10128,72.7,0,117268
2025-01-01,2775,66.84,0,704434
2025-01-10,2965,65.52,1,970570
2022-07-26,8949,86.43,0,926540
2022-07-09,3610,58.31,0,451732
2023-12-08,12487,73.8,0,464664
2022-10-18,10296,62.64,0,642488
2023-06-30,6062,57.91,1,265383
2024-11-02,11822,69.04,0,498920
2023-02-17,6905,54.83,0,259091
2022-04-20,12032,77.42,0,441690
2022-12-29,2235,59.02,0,450539
2024-01-25,12669,64.93,1,359019
2022-11-11,1848,67.23,1,497245
2023-09-14,4049,88.03,0,728910
2024-02-12,13796,70.19,1,328175
2023-04-27,4596,74.12,1,342800
2023-07-19,10403,90.73,0,949473
2023-12-01,11861,99.69,1,898587
2024-06-26,13737,96.3,0,967075
2025-04-08,11486,87.71,1,350122
2024-10-15,9080,77.49,1,374339
2023-12-03,4180,50.97,0,369206
2023-04-24,12768,53.74,1,608337
2023-10-17,13993,91.24,1,675280
2022-11-05,11055,61.51,0,931123
2023-05-28,3894,99.25,1,428080
2022-09-26,6850,76.27,1,204329
2025-01-21,13198,92.68,1,342620
2024-04-07,3219,67.9,1,774266
2022-05-08,3837,74.51,0,927624
2024-07-29,1605,55.79,0,290976
2024-01-01,13631,93.62,0,169813
2024-04-21,3062,71.49,1,399976
2022-10-03,10924,72.84,0,592352
2022-09-07,7091,51.45,1,206711
2024-12-19,8179,97.22,1,194640
2023-06-26,6787,89.59,1,694770
2024-03-21,8295,79.31,0,345335
2025-01-24,8627,74.32,0,736114
2022-08-31,4670,72.9,1,939087
2024-08-19,7960,55.79,1,175732
2023-05-15,9171,74.18,0,165827
2024-06-15,2125,57.35,1,345830
2024-10-13,5735,93.09,1,931604
2023-03-25,6568,75.06,1,453209
2023-01-20,3123,66.32,0,700244
2023-02-01,12434,87.9,1,229347
2023-04-03,1936,55.07,0,101926
2023-06-12,1866,81.48,1,640543
2024-12-10,3832,90.45,1,604120
2023-03-05,14277,72.31,1,699893
2023-12-15,1896,59.76,0,272850
2024-11-26,3163,59.87,1,679102
2024-09-17,11040,63.7,1,713301
2024-08-01,13792,59.7,1,529899
2024-07-19,6717,59.25,1,190717
2023-01-25,2208,60.94,0,308100
2024-01-10,8009,58.83,0,294143
2023-03-17,8871,89.36,1,467514
2024-12-30,2167,89.69,1,217362
2024-04-19,5199,71.29,1,452558
2022-09-07,10205,74.44,1,173638
2023-07-09,12780,94.86,0,310400
2022-09-06,11460,67.99,0,803574
2023-08-29,6182,57.91,0,414686
2023-10-04,4147,54.85,1,309375
2025-04-06,13023,99.61,1,579876
2024-08-28,3574,51.7,0,296467
2023-04-09,3302,94.32,1,696428
2023-02-24,4017,62.82,1,435900
2023-01-10,8297,91.38,1,897842
2025-02-10,13795,74.87,0,606523
2022-12-16,3743,64.5,1,444136
2025-04-03,2717,75.35,0,251242
